tid,r,l,t,s,i,a,g,f
12,43161.042178,1025,20.342682,0,115,Wrap-grasp,poPmAb25,time out
1,4904.425185,518,35.223796,0,115,Twist,inSiAd2,out of range
